rdbchecksum,0.0098
daemonize,0.0615
io-threads-do-reads,0.0098
always-show-logo,0.0078
protected-mode,0.015
rdb-del-sync-files,0.0315
activerehashing,0.0335
stop-writes-on-bgsave-error,0.0119
set-proc-title,0.0263
dynamic-hz,0.0108
lazyfree-lazy-eviction,0.0191
lazyfree-lazy-user-del,0.0242
lazyfree-lazy-user-flush,0.0242
repl-disable-tcp-nodelay,0.017
repl-diskless-sync,0.0516
aof-rewrite-incremental-fsync,0.0253
no-appendfsync-on-rewrite,0.0211
cluster-require-full-coverage,0.0566
rdb-save-incremental-fsync,0.0181
aof-load-truncated,0.0211
aof-use-rdb-preamble,0.0015
cluster-replica-no-failover,0.0191
replica-serve-stale-data,0.0078
replica-read-only,0.0501
replica-ignore-maxmemory,0.0191
jemalloc-bg-thread,0.0666
syslog-enabled,0.0522
cluster-enabled,0.0518
appendonly,0.017
cluster-allow-reads-when-down,0.0201
crash-log-enabled,0.0047
crash-memcheck-enabled,0.0557
disable-thp,0.0015
cluster-allow-replica-migration,0.0515
replica-announced,0.0088
aclfile,0.0336
unixsocket,0.042
pidfile,0.0437
replica-announce-ip,0.0129
masteruser,0.0345
cluster-announce-ip,0.0444
syslog-ident,0.0291
dbfilename,0.0128
appendfilename,0.0395
bio_cpulist,0.0175
aof_rewrite_cpulist,0.0477
bgsave_cpulist,0.0452
ignore-warnings,0.0446
masterauth,0.0174
requirepass,0.0376
supervised,0.0359
syslog-facility,0.0234
loglevel,0.0183
maxmemory-policy,0.0122
appendfsync,0.0266
oom-score-adj,0.0206
acl-pubsub-default,0.0495
sanitize-dump-payload,0.0264
databases,0.0276
port,0.0499
io-threads,0.0715
auto-aof-rewrite-percentage,0.0773
cluster-replica-validity-factor,0.0036
tcp-keepalive,0.0211
cluster-migration-barrier,0.0542
active-defrag-cycle-min,0.0253
active-defrag-cycle-max,0.0701
active-defrag-threshold-lower,0.0663
active-defrag-threshold-upper,0.067
lfu-log-factor,0.0539
replica-priority,0.0545
repl-diskless-sync-delay,0.0642
maxmemory-samples,0.0078
maxmemory-eviction-tenacity,0.0691
timeout,0.0078
tcp-backlog,0.1479
repl-timeout,0.0894
list-compress-depth,0.0536
active-expire-effort,0.0773
hz,0.0835
min-replicas-to-write,0.0294
maxclients,0.0275
active-defrag-max-scan-fields,0.0329
slowlog-max-len,0.0233
acllog-max-len,0.0267
lua-time-limit,0.0243
cluster-node-timeout,0.0414
slowlog-log-slower-than,0.0402
latency-monitor-threshold,0.0256
proto-max-bulk-len,0.0426
stream-node-max-entries,0.0145
repl-backlog-size,0.0398
maxmemory,0.0689
set-max-intset-entries,0.0442
active-defrag-ignore-bytes,0.0457
stream-node-max-bytes,0.0346
hll-sparse-max-bytes,0.0247
tracking-table-max-keys,0.0143
client-query-buffer-limit,0.0263
repl-backlog-ttl,0.0245
tls-session-cache-size,0.0276
tls-session-cache-timeout,0.0134
tls-cluster,0.0191
tls-replication,0.0156
tls-auth-clients,0.0406
tls-prefer-server-ciphers,0.0363
tls-session-caching,0.0163
tls-cert-file,0.04
tls-key-file-pass,0.0266
tls-client-cert-file,0.0424
tls-client-key-file-pass,0.032
tls-dh-params-file,0.0378
tls-ca-cert-file,0.0494
tls-ciphersuites,0.046
list-max-ziplist-size,0.0681
