Apache-bench-10000-100,Apache-bench-10000-1000,jmeter1
server.max-keep-alive-idle,,server.stream-request-body
server.max-read-idle,,
server.range-requests,,
server.kbytes-per-second,,
connection.kbytes-per-second,,
etag.use-inode,,
etag.use-size,,
server.compat-module-load,,
server.network-backend,,
server.errorlog-use-syslog,,
server.max-worker,,
server.max-connections,,
server.max-request-field-size,,
server.stat-cache-engine,,
server.bsd-accept-filter,,
server.defer-accept,,
server.use-ipv6,,
